,GPT-4o,GPT-5.2,Gemini-3,Sonnet-4.5,Human
GPT-4o,,0.8354011571642724,0.8198392824576173,0.8745256255746024,0.6910214903744829
GPT-5.2,0.8354011571642724,,0.8721362000667907,0.8661509977826412,0.7133193441061774
Gemini-3,0.8198392824576173,0.8721362000667907,,0.8567183401510816,0.7442374575229471
Sonnet-4.5,0.8745256255746024,0.8661509977826412,0.8567183401510816,,0.6815466826132774
Human,0.6910214903744829,0.7133193441061774,0.7442374575229471,0.6815466826132774,
