,GPT-4o,GPT-5.2,Gemini-3,Sonnet-4.5,Human
GPT-4o,,0.8351318772921151,0.8194397076896007,0.8260828609120328,0.6903471003590178
GPT-5.2,0.8351318772921151,,0.874423004848522,0.8414931149123761,0.7118634597999458
Gemini-3,0.8194397076896007,0.874423004848522,,0.844693438674503,0.7430283682504051
Sonnet-4.5,0.8260828609120328,0.8414931149123761,0.844693438674503,,0.6819149736995807
Human,0.6903471003590178,0.7118634597999458,0.7430283682504051,0.6819149736995807,
