,GPT-4o,GPT-5.2,Gemini-3,Sonnet-4.5,Human
GPT-4o,0.9747447618465893,0.8028867561144403,0.7869816758430832,0.8448032987732148,0.6541188576205967
GPT-5.2,0.8028867561144403,0.9748588215586766,0.8454738425988124,0.8364482833872624,0.6751198131156226
Gemini-3,0.7869816758430832,0.8454738425988124,1.0,0.829080219711932,0.7064752259814917
Sonnet-4.5,0.8448032987732148,0.8364482833872624,0.829080219711932,,0.6444790272379816
Human,0.6541188576205967,0.6751198131156226,0.7064752259814917,0.6444790272379816,
