,GPT-4o,GPT-5.2,Gemini-3,Sonnet-4.5,Human
GPT-4o,,0.7708522741107233,0.7544357917569335,0.8152060596110676,0.6139128180113683
GPT-5.2,0.7708522741107233,,0.8141728453903246,0.8074751729303239,0.6348236504334523
Gemini-3,0.7544357917569335,0.8141728453903246,,0.7983351842350447,0.6689575465682568
Sonnet-4.5,0.8152060596110676,0.8074751729303239,0.7983351842350447,,0.608119819403189
Human,0.6139128180113683,0.6348236504334523,0.6689575465682568,0.608119819403189,
