,GPT-4o,GPT-5.2,Gemini-3,Sonnet-4.5,Human
GPT-4o,,0.7698023402025238,0.753549160427582,0.7604749079910742,0.6134280572469729
GPT-5.2,0.7698023402025238,,0.8153165835083224,0.7812799782938853,0.637325358291669
Gemini-3,0.753549160427582,0.8153165835083224,,0.780364604337332,0.6699696846243467
Sonnet-4.5,0.7604749079910742,0.7812799782938853,0.780364604337332,,0.6026220792322876
Human,0.6134280572469729,0.637325358291669,0.6699696846243467,0.6026220792322876,
