,GPT-4o,GPT-5.2,Gemini-3,Sonnet-4.5,Human
GPT-4o,,0.8335372327639763,0.8178503597028454,0.8257989198871342,0.6903158388960225
GPT-5.2,0.8335372327639763,,0.8713236362358745,0.8443965810658954,0.7124015063013237
Gemini-3,0.8178503597028454,0.8713236362358745,,0.842945284236558,0.74361792686181
Sonnet-4.5,0.8257989198871342,0.8443965810658954,0.842945284236558,,0.6794432223016406
Human,0.6903158388960225,0.7124015063013237,0.74361792686181,0.6794432223016406,
