,GPT-4o,GPT-5.2,Gemini-3,Sonnet-4.5,Human
GPT-4o,,0.7687681981878387,0.7519941661486547,0.7617201658746694,0.6136154316453513
GPT-5.2,0.7687681981878387,,0.814511525235222,0.7790017942328634,0.6370394394240971
Gemini-3,0.7519941661486547,0.814511525235222,,0.7833611499666535,0.6669149870646432
Sonnet-4.5,0.7617201658746694,0.7790017942328634,0.7833611499666535,,0.6052404677317633
Human,0.6136154316453513,0.6370394394240971,0.6669149870646432,0.6052404677317633,
